{
  "project_info": {
    "project_number": "34005195660",
    "project_id": "justfly-40aff",
    "storage_bucket": "justfly-40aff.appspot.com"
  },
  "client": [
    {
      "client_info": {
        "mobilesdk_app_id": "1:34005195660:android:c33df581e67b55a9d894a9",
        "android_client_info": {
          "package_name": "com.showkhin.flightbooking"
        }
      },
      "oauth_client": [
        {
          "client_id": "34005195660-4rajcd9e08fa6paclfk6kt27n77rk8ur.apps.googleusercontent.com",
          "client_type": 3
        }
      ],
      "api_key": [
        {
          "current_key": "AIzaSyC3UIUCNtL1Eabb1-xLi-o0Kus7YtmbnqM"
        }
      ],
      "services": {
        "appinvite_service": {
          "other_platform_oauth_client": [
            {
              "client_id": "34005195660-4rajcd9e08fa6paclfk6kt27n77rk8ur.apps.googleusercontent.com",
              "client_type": 3
            }
          ]
        }
      }
    }
  ],
  "configuration_version": "1"
}